{"kind":"youtube#searchListResponse","etag":"-bC6aUZk4LAtOWtbVUYj6GZ7E2E","nextPageToken":"CAQQAA","regionCode":"FR","pageInfo":{"totalResults":1127,"resultsPerPage":4},"items":[{"kind":"youtube#searchResult","etag":"q8e9nP_jXfYMwNI6Ixn1NMICTcg","id":{"kind":"youtube#video","videoId":"Erki_l1uUeg"},"snippet":{"publishedAt":"2023-06-12T15:00:11Z","channelId":"UCkz0OAIQgpREGRDyHLaiI5A","title":"\ud83d\ude2dNe jouez JAMAIS COMME \u00c7A \u00e0 Rainbow 6 !\ud83c\udf93","description":"Comment c'est possible d'\u00eatre aussi nul que lui ? Live sur Twitch ! http:\/\/www.twitch.tv\/Sixquatre TAGS : #her6s #Fun ...","thumbnails":{"default":{"url":"https:\/\/i.ytimg.com\/vi\/Erki_l1uUeg\/default.jpg","width":120,"height":90},"medium":{"url":"https:\/\/i.ytimg.com\/vi\/Erki_l1uUeg\/mqdefault.jpg","width":320,"height":180},"high":{"url":"https:\/\/i.ytimg.com\/vi\/Erki_l1uUeg\/hqdefault.jpg","width":480,"height":360}},"channelTitle":"Sixquatre","liveBroadcastContent":"none","publishTime":"2023-06-12T15:00:11Z"}},{"kind":"youtube#searchResult","etag":"9Sw8VIhbROaS9GWvKoos28yXy8Q","id":{"kind":"youtube#video","videoId":"iKWCfuOvsM8"},"snippet":{"publishedAt":"2023-06-10T15:00:34Z","channelId":"UCkz0OAIQgpREGRDyHLaiI5A","title":"J&#39;AI UN WALLHACK NATUREL \ud83c\udfaf! #sixquatre #fps #r6 #fun #saltyacademy #cheat #wallhack #easy","description":"","thumbnails":{"default":{"url":"https:\/\/i.ytimg.com\/vi\/iKWCfuOvsM8\/default.jpg","width":120,"height":90},"medium":{"url":"https:\/\/i.ytimg.com\/vi\/iKWCfuOvsM8\/mqdefault.jpg","width":320,"height":180},"high":{"url":"https:\/\/i.ytimg.com\/vi\/iKWCfuOvsM8\/hqdefault.jpg","width":480,"height":360}},"channelTitle":"Sixquatre","liveBroadcastContent":"none","publishTime":"2023-06-10T15:00:34Z"}},{"kind":"youtube#searchResult","etag":"XJi1lVCHPYyV7dO37WbrSowA0yE","id":{"kind":"youtube#video","videoId":"-GL_OWwcV1k"},"snippet":{"publishedAt":"2023-06-09T16:02:29Z","channelId":"UCkz0OAIQgpREGRDyHLaiI5A","title":"CET \u00c9CRAN pour R6, c&#39;est NON ! (coaching)\ud83c\udf93","description":"La liste du mat\u00e9riel recommand\u00e9 pour R6 : https:\/\/tinyurl.com\/STUFF64 Live sur Twitch ! http:\/\/www.twitch.tv\/Sixquatre TAGS ...","thumbnails":{"default":{"url":"https:\/\/i.ytimg.com\/vi\/-GL_OWwcV1k\/default.jpg","width":120,"height":90},"medium":{"url":"https:\/\/i.ytimg.com\/vi\/-GL_OWwcV1k\/mqdefault.jpg","width":320,"height":180},"high":{"url":"https:\/\/i.ytimg.com\/vi\/-GL_OWwcV1k\/hqdefault.jpg","width":480,"height":360}},"channelTitle":"Sixquatre","liveBroadcastContent":"none","publishTime":"2023-06-09T16:02:29Z"}},{"kind":"youtube#searchResult","etag":"hqpr2Z7lWGr63kUF7h_u6EO5VRQ","id":{"kind":"youtube#video","videoId":"z7kaihyhf94"},"snippet":{"publishedAt":"2023-06-08T15:00:52Z","channelId":"UCkz0OAIQgpREGRDyHLaiI5A","title":"Deux pros s&#39;affrontent c&#39;est OUF \ud83d\ude31 !!!! #shortsfeed #france #r6 #shortsfeed #fun #proplayer","description":"","thumbnails":{"default":{"url":"https:\/\/i.ytimg.com\/vi\/z7kaihyhf94\/default.jpg","width":120,"height":90},"medium":{"url":"https:\/\/i.ytimg.com\/vi\/z7kaihyhf94\/mqdefault.jpg","width":320,"height":180},"high":{"url":"https:\/\/i.ytimg.com\/vi\/z7kaihyhf94\/hqdefault.jpg","width":480,"height":360}},"channelTitle":"Sixquatre","liveBroadcastContent":"none","publishTime":"2023-06-08T15:00:52Z"}}]}